/*
SQLyog Enterprise - MySQL GUI v7.02 
MySQL - 5.5.5-10.4.14-MariaDB : Database - user
*********************************************************************
*/

/*!40101 SET NAMES utf8 */;

/*!40101 SET SQL_MODE=''*/;

/*!40014 SET @OLD_FOREIGN_KEY_CHECKS=@@FOREIGN_KEY_CHECKS, FOREIGN_KEY_CHECKS=0 */;
/*!40101 SET @OLD_SQL_MODE=@@SQL_MODE, SQL_MODE='NO_AUTO_VALUE_ON_ZERO' */;

CREATE DATABASE /*!32312 IF NOT EXISTS*/`user` /*!40100 DEFAULT CHARACTER SET utf8mb4 */;

USE `user`;

/*Table structure for table `content` */

DROP TABLE IF EXISTS `content`;

CREATE TABLE `content` (
  `blogname` varchar(500) DEFAULT NULL,
  `titledescription` varchar(500) DEFAULT NULL,
  `blog` longtext DEFAULT NULL,
  `aboutme` varchar(255) DEFAULT NULL,
  `description` varchar(255) DEFAULT NULL,
  `categories` varchar(255) DEFAULT NULL,
  `privacy` varchar(255) DEFAULT NULL,
  `footer` varchar(500) DEFAULT NULL,
  `email` varchar(255) DEFAULT NULL,
  `id` int(11) NOT NULL AUTO_INCREMENT,
  PRIMARY KEY (`id`),
  KEY `email` (`email`),
  CONSTRAINT `content_ibfk_1` FOREIGN KEY (`email`) REFERENCES `usertbl` (`email`)
) ENGINE=InnoDB AUTO_INCREMENT=41 DEFAULT CHARSET=utf8mb4;

/*Data for the table `content` */

insert  into `content`(`blogname`,`titledescription`,`blog`,`aboutme`,`description`,`categories`,`privacy`,`footer`,`email`,`id`) values ('new','new','my heart goes salala, salala in the morning','yyy','yyyy','ct','public','hyayat','yyyy@gmail.com',6),('This is ttt title','Description','Write your Blog here','memememememy name ','my nam eis ttt','ct','public','footer','ttt@fff.com',8),('THis is new title','Description is great','Write your Blog here','I am awesome','this is awesome','ct','private','footer','qwe@rew.com',9),('&#2350;&#2375;&#2352;&#2366; &#2348;&#2366; &#2354;&#2366;&#2311; &#2330;&#2367;&#2335;&#2381;&#2336;&#2368; !!','This is what I write','&#2350;&#2375;&#2352;&#2366; &#2348;&#2366; &#2354;&#2366;&#2311; &#2330;&#2367;&#2335;&#2381;&#2336;&#2368; \r\n&#2348;&#2366;, &#2350;&#2354;&#2366;&#2312; &#2344;&#2368;  &#2328;&#2352; &#2347;&#2352;&#2381;&#2325;&#2375;&#2352; &#2310;&#2313;&#2344; &#2350;&#2344; &#2331; !! &#2325;&#2375; &#2340;&#2367;&#2350;&#2381;&#2352;&#2366; &#2361;&#2366;&#2340;&#2361;&#2352;&#2369;&#2354;&#2375; &#2360;&#2361;&#2367; &#2336;&#2366;&#2313;&#2350;&#2366; &#2349;&#2379;&#2335; &#2361;&#2366;&#2354;&#2381;&#2354;&#2366;&#2344; &#2340; |\r\n&#2340;&#2367;&#2350;&#2381;&#2352;&#2366; &#2360;&#2379;&#2330; &#2348;&#2342;&#2354; &#2344; &#2348;&#2366;  &#2348;&#2367;&#2344;&#2381;&#2340;&#2367; , &#2344;&#2340;&#2381;&#2352; &#2340;&#2367;&#2350;&#2381;&#2352;&#2366; &#2331;&#2379;&#2352;&#2366; &#2361;&#2352;&#2369;&#2354;&#2375; &#2342;&#2375;&#2358; &#2348;&#2342;&#2354;&#2381;&#2344;&#2375; &#2331;&#2344;&#2381; \r\n&#2348;&#2366; &#2340;&#2367;&#2350;&#2368;&#2354;&#2375; &#2309;&#2348; &#2331;&#2379;&#2352;&#2366; &#2328;&#2352; &#2310;&#2319;&#2344;&#2344;&#2381;, &#2348;&#2369;&#2337;&#2375;&#2360;&#2381;&#2325;&#2366;&#2354;&#2350;&#2366; &#2340;&#2367;&#2350;&#2381;&#2352;&#2366; &#2361;&#2366;&#2340; &#2341;&#2350;&#2375;&#2344;&#2344; &#2349;&#2344;&#2375;&#2352; &#2327;&#2369;&#2344;&#2366;&#2360;&#2379; &#2344;&#2327;&#2352;\r\n&#2350; &#2328;&#2352; &#2310;&#2313;&#2331;&#2369; &#2348;&#2366;, &#2350;&#2366;&#2340;&#2381;&#2352; &#2340;&#2367;&#2350;&#2381;&#2352;&#2366; &#2349;&#2379;&#2335;&#2354;&#2375; &#2350;&#2375;&#2352;&#2366; &#2309;&#2357;&#2360;&#2352;&#2325;&#2366; &#2348;&#2366;&#2335;&#2379; &#2326;&#2369;&#2354;&#2366;&#2312; &#2342;&#2374;&#2313;&#2344; \r\n\r\n&#2348;&#2366; &#2350;&#2354;&#2366;&#2312; &#2341;&#2366;&#2361;&#2366; &#2331;, &#2340;&#2367;&#2350;&#2368;&#2354;&#2375; &#2340;&#2367;&#2350;&#2381;&#2352;&#2379; &#2342;&#2375;&#2358;&#2350;&#2366; &#2360;&#2369;&#2352;&#2381;&#2351; &#2313;&#2342;&#2366;&#2323;&#2360; &#2349;&#2344;&#2381;&#2344;&#2375; &#2330;&#2366;&#2319;&#2325;&#2366; &#2341;&#2367;&#2319;&#2313;,\r\n&#2350;&#2354;&#2366;&#2312; &#2341;&#2366;&#2361;&#2366; &#2331; &#2348;&#2366; , &#2340;&#2367;&#2350;&#2368;&#2354;&#2375; &#2352;&#2369;&#2326;&#2354;&#2375; &#2361;&#2352;&#2367;&#2351;&#2366; &#2346;&#2361;&#2366;&#2337; &#2361;&#2352;&#2366;&#2349;&#2352;&#2366; &#2361;&#2379;&#2360;&#2381; &#2349;&#2344;&#2381;&#2344;&#2375; &#2330;&#2366;&#2319;&#2325;&#2366; &#2341;&#2367;&#2319;&#2313;\r\n&#2350;&#2354;&#2366;&#2312; &#2341;&#2366;&#2361;&#2366; &#2331; &#2348;&#2366; , &#2340;&#2367;&#2350;&#2368;&#2354;&#2375; &#2361;&#2367;&#2360;&#2367;&#2351;&#2366; &#2350;&#2366; &#2343;&#2366;&#2352; &#2354;&#2366;&#2313;&#2344; &#2344;&#2368;  &#2326;&#2379;&#2332;&#2375;&#2313; \r\n&#2340;&#2367;&#2350;&#2367; &#2361;&#2352;&#2375;&#2325; &#2346;&#2354;&#2381;&#2335; &#2344;&#2367;&#2352;&#2366;&#2360; &#2349;&#2351;&#2375;&#2313;, &#2310;&#2332; &#2340;&#2367;&#2350;&#2367; &#2349;&#2344;&#2381;&#2342;&#2366; &#2344;&#2367;&#2352;&#2366;&#2360; &#2350; &#2331;&#2369; &#2348;&#2366; !!\r\n&#2350;&#2375;&#2352;&#2379; &#2342;&#2375;&#2358; &#2361;&#2352;&#2366;&#2319;&#2325;&#2379; &#2331; &#2348;&#2366; !! &#2350;&#2375;&#2352;&#2366; &#2360;&#2381;&#2357;&#2366;&#2349;&#2367;&#2350;&#2366;&#2344; &#2361;&#2352;&#2366;&#2319;&#2325;&#2379; &#2331; &#2348;&#2366; \r\n&#2350;&#2354;&#2366;&#2312; &#2340;&#2367;&#2350;&#2381;&#2352;&#2366; &#2349;&#2379;&#2335;&#2354;&#2375; &#2350;&#2375;&#2352;&#2379; &#2342;&#2375;&#2358; &#2347;&#2367;&#2352;&#2381;&#2340;&#2366; &#2342;&#2367;&#2344;&#2381;&#2331;  &#2331;&#2366;&#2344;&#2381;&#2344;&#2375; &#2310;&#2360; &#2327;&#2352;&#2375;&#2325;&#2379; &#2331;&#2369; \r\n\r\n&#2348;&#2366; &#2340;&#2367;&#2350;&#2381;&#2352;&#2366; &#2331;&#2379;&#2352;&#2366;&#2361;&#2352;&#2370; &#2340;&#2366;&#2340;&#2379; &#2348;&#2354;&#2369;&#2357;&#2366;&#2350;&#2366; &#2346;&#2360;&#2367;&#2344;&#2366; &#2348;&#2327;&#2366;&#2312; &#2352;&#2361;&#2375;&#2325;&#2366;  &#2331;&#2344;&#2381; \r\n&#2330;&#2367;&#2360;&#2366; &#2360;&#2352;&#2367;&#2352; &#2354;&#2367;&#2319;&#2352; &#2325;&#2366;&#2336;&#2325;&#2366; &#2348;&#2366;&#2325;&#2366;&#2360;&#2350;&#2366; &#2347;&#2352;&#2381;&#2325;&#2367;&#2344;&#2369; &#2344;&#2346;&#2352;&#2379;&#2360; \r\n&#2348;&#2367;&#2344;&#2381;&#2340;&#2367; &#2348;&#2366; &#2349;&#2379;&#2335; &#2346;&#2366;&#2352;&#2381;&#2335;&#2368;&#2354;&#2366;&#2312; &#2361;&#2379;&#2311;&#2344;, &#2352;&#2366;&#2350;&#2381;&#2352;&#2379; &#2360;&#2379;&#2330;&#2354;&#2366;&#2312; &#2361;&#2366;&#2354; \r\n&#2348;&#2367;&#2344;&#2381;&#2340;&#2367; &#2348;&#2366; &#2349;&#2379;&#2335; &#2361;&#2366;&#2354;&#2381;&#2342;&#2366; &#2340;&#2367;&#2350;&#2381;&#2352;&#2366; &#2344;&#2375;&#2340;&#2366;&#2354;&#2375; &#2327;&#2352;&#2375;&#2325;&#2366; &#2361;&#2352;&#2375;&#2325; &#2361;&#2352;&#2381;&#2325;&#2340;&#2325;&#2379; &#2361;&#2367;&#2360;&#2366;&#2348; &#2327;&#2352;&#2375;&#2352; &#2361;&#2366;&#2354; \r\n&#2348;&#2367;&#2344;&#2381;&#2340;&#2367; &#2348;&#2366; &#2349;&#2379;&#2335; &#2361;&#2366;&#2354;&#2381;&#2342;&#2366;, &#2349;&#2379;&#2335; &#2361;&#2366;&#2354;&#2381;&#2342;&#2366; &#2350;&#2375;&#2352;&#2366; &#2360;&#2346;&#2344;&#2366;&#2354;&#2375; &#2325;&#2375;&#2361;&#2367; &#2344;&#2381;&#2351;&#2366;&#2351; &#2346;&#2366;&#2323;&#2360; \r\n&#2348;&#2367;&#2344;&#2381;&#2340;&#2367; &#2348;&#2366; &#2340;&#2367;&#2350;&#2381;&#2352;&#2379; &#2349;&#2379;&#2335;&#2354;&#2375; &#2350;&#2376;&#2354;&#2375; &#2350;&#2375;&#2352;&#2366; &#2346;&#2366;&#2360;&#2346;&#2379;&#2352;&#2381;&#2335;&#2350;&#2366; &#2348;&#2367;&#2342;&#2375;&#2358;&#2368; &#2358;&#2381;&#2352;&#2350;&#2325;&#2379; &#2331;&#2366;&#2346; &#2354;&#2327;&#2366;&#2313;&#2344; &#2344;&#2346;&#2352;&#2379;&#2360;','@kaviji','Utsav','AI','public','&#2350;&#2375;&#2352;&#2366; &#2348;&#2366; &#2354;&#2366;&#2311; &#2330;&#2367;&#2335;&#2381;&#2336;&#2368; ','utsav.luitel51@gmail.com',10),('&#2350; &#2351;&#2379; &#2360;&#2361;&#2352; &#2352; &#2350;&#2375;&#2352;&#2368; &#2310;&#2350;&#2366;','What I feel coming to Australia','&#2350; &#2310;&#2325;&#2366;&#2360; &#2331;&#2369;&#2344; &#2313;&#2337;&#2381;&#2331;&#2369; , &#2309;&#2348;&#2358;&#2381;&#2351; &#2354;&#2337;&#2381;&#2331;&#2369;, &#2310;&#2347;&#2369;&#2354;&#2375; &#2310;&#2347;&#2376;&#2354;&#2366;&#2312; &#2335;&#2325;&#2381;&#2335;&#2325;&#2381;&#2351;&#2366;&#2313;&#2331;&#2369; , &#2309;&#2344;&#2367; &#2347;&#2375;&#2352;&#2368; &#2310;&#2325;&#2366;&#2360; &#2331;&#2369;&#2344; &#2313;&#2337;&#2381;&#2331;&#2369;\r\n&#2350; &#2350;&#2360;&#2367;&#2354;&#2375; &#2360;&#2348;&#2381;&#2342;&#2350;&#2366; &#2350;&#2344; &#2348;&#2344;&#2366;&#2313;&#2344; &#2326;&#2379;&#2332;&#2381;&#2342;&#2331;&#2369; , &#2349;&#2344;&#2375; &#2332;&#2360;&#2381;&#2340;&#2379; &#2348;&#2344;&#2381;&#2342;&#2376;&#2344; &#2325;&#2379;&#2352;&#2381;&#2331;&#2369; &#2340;&#2367;&#2330;&#2379;&#2352;&#2381;&#2331;&#2369; &#2348;&#2367;&#2327;&#2366;&#2352;&#2381;&#2331;&#2369;\r\n&#2325;&#2354;&#2350; &#2341;&#2366;&#2325;&#2375;&#2325;&#2366; &#2361;&#2369;&#2344;&#2381;&#2344;&#2344;&#2381; , &#2311;&#2330;&#2381;&#2331;&#2366; &#2350;&#2352;&#2381;&#2331;&#2344;, &#2348;&#2344;&#2375;&#2325;&#2379; &#2350;&#2344;&#2354;&#2366;&#2311; &#2335;&#2366;&#2354;&#2335;&#2369;&#2354; &#2346;&#2366;&#2352;&#2381;&#2331;&#2369; &#2309;&#2344;&#2368; &#2330;&#2367;&#2340;&#2381;&#2340; &#2348;&#2369;&#2332;&#2366;&#2313;&#2331;&#2369;\r\n&#2340;&#2368; &#2350;&#2344; &#2327;&#2337;&#2344;&#2381;&#2340;&#2375; &#2350;&#2344; &#2348;&#2344;&#2381;&#2342;&#2376;&#2344;&#2344;&#2381;, &#2348;&#2344;&#2379;&#2360; &#2346;&#2344;&#2367; &#2325;&#2360;&#2352;&#2368;, &#2360;&#2366;&#2351;&#2342; &#2350;&#2375;&#2352;&#2379; &#2350;&#2344;&#2325;&#2366; &#2346;&#2344;&#2381;&#2344;&#2366;&#2354;&#2375; &#2309;&#2354;&#2367; &#2348;&#2375;&#2327;&#2381;&#2354;&#2376; &#2310;&#2325;&#2371;&#2340;&#2367; &#2326;&#2379;&#2332;&#2381;&#2342;&#2331;&#2344;\r\n\r\n&#2350;&#2375;&#2352;&#2379; &#2350;&#2344;&#2350;&#2366; &#2351;&#2379; &#2310;&#2344;&#2380;&#2336;&#2379; &#2360;&#2361;&#2352;&#2325;&#2379; &#2310;&#2325;&#2371;&#2340;&#2367; &#2348;&#2360;&#2375;&#2325;&#2379; &#2331;, &#2347;&#2367;&#2325;&#2381;&#2325;&#2366; &#2331;\r\n&#2351;&#2379; &#2347;&#2367;&#2325;&#2381;&#2325;&#2366; &#2310;&#2325;&#2371;&#2340;&#2367;&#2350;&#2366; &#2352;&#2306;&#2327; &#2349;&#2352;&#2381;&#2344;&#2375; &#2346;&#2381;&#2352;&#2351;&#2366;&#2360; &#2327;&#2352;&#2381;&#2342;&#2366; &#2360;&#2361;&#2352;&#2354;&#2375; &#2350;&#2354;&#2366;&#2312; &#2342;&#2369;&#2311; &#2346;&#2366;&#2335;&#2366; &#2342;&#2375;&#2326;&#2366;&#2313;&#2331;\r\n\r\n&#2351;&#2379; &#2360;&#2361;&#2352;&#2354;&#2375; &#2350;&#2344;&#2325;&#2379; &#2313;&#2342;&#2366;&#2360;&#2368;&#2346;&#2344; &#2354;&#2369;&#2325;&#2366;&#2313;&#2344; &#2360;&#2367;&#2325;&#2366;&#2313;&#2331;, &#2343;&#2344;&#2354;&#2375; &#2348;&#2379;&#2354;&#2375;&#2325;&#2366; &#2348;&#2367;&#2354;&#2366;&#2360;&#2367;&#2340;&#2366; &#2342;&#2375;&#2326;&#2366;&#2313;&#2344; &#2360;&#2367;&#2325;&#2366;&#2313;&#2331;\r\n&#2351;&#2379; &#2360;&#2361;&#2352;&#2325;&#2379; &#2361;&#2366;&#2357;&#2366; &#2360;&#2379;&#2330;&#2381;&#2331; &#2331;, &#2340;&#2352; &#2360;&#2381;&#2357;&#2366;&#2360; &#2347;&#2375;&#2352;&#2381;&#2344;&#2375; &#2347;&#2369;&#2352;&#2381;&#2360;&#2342; &#2342;&#2367;&#2342;&#2376;&#2344;\r\n&#2351;&#2379; &#2360;&#2361;&#2352;&#2354;&#2375; &#2310;&#2335; &#2360;&#2367;&#2325;&#2366;&#2313;&#2331;,&#2360;&#2329;&#2381;&#2328;&#2352;&#2381;&#2359; &#2360;&#2367;&#2325;&#2366;&#2313;&#2331;, &#2340;&#2352; &#2332;&#2367;&#2344;&#2381;&#2342;&#2327;&#2368; &#2332;&#2367;&#2313;&#2344; &#2360;&#2367;&#2325;&#2366;&#2313;&#2342;&#2376;&#2344;\r\n&#2351;&#2379; &#2360;&#2361;&#2352;&#2354;&#2375; &#2350;&#2375;&#2352;&#2366; &#2328;&#2352;&#2350;&#2366; &#2309;&#2349;&#2366;&#2357; &#2349;&#2319;&#2325;&#2366; &#2360;&#2348;&#2376; &#2325;&#2369;&#2352;&#2366; &#2342;&#2367;&#2344;&#2381;&#2331;, &#2340;&#2352; &#2328;&#2352; &#2342;&#2367;&#2342;&#2376;&#2344;\r\n\r\n&#2350;&#2375;&#2352;&#2368; &#2310;&#2350;&#2366; &#2346;&#2344;&#2367; &#2351;&#2379; &#2360;&#2361;&#2352; &#2332;&#2360;&#2381;&#2340;&#2376; &#2342;&#2369;&#2311; &#2346;&#2366;&#2335;&#2366;&#2350;&#2366; &#2348;&#2366;&#2337;&#2367;&#2319;&#2325;&#2367; &#2331;&#2367;&#2344;&#2381;\r\nPhone &#2348;&#2366;&#2335; &#2342;&#2375;&#2326;&#2367;&#2344;&#2375; &#2313;&#2344;&#2325;&#2366; &#2350;&#2369;&#2361;&#2366;&#2352;&#2354;&#2375; &#2342;&#2369;&#2311; &#2325;&#2369;&#2352;&#2366; &#2349;&#2344;&#2381;&#2331;&#2344;\r\n&#2310;&#2360;&#2369;&#2354;&#2375; &#2349;&#2352;&#2367;&#2319;&#2325;&#2366; &#2335;&#2367;&#2354;&#2346;&#2367;&#2354; &#2310;&#2326;&#2366;&#2350;&#2366; &#2348;&#2367;&#2331;&#2379;&#2337; &#2325;&#2379; &#2348;&#2367;&#2348;&#2360;&#2381;&#2340;&#2366; &#2352;\r\n&#2340;&#2375;&#2361;&#2367; &#2310;&#2326;&#2366; &#2350;&#2369;&#2344;&#2367;&#2325;&#2366; &#2361;&#2360;&#2367;&#2354;&#2366; &#2323;&#2336;&#2354;&#2375;, &#2346;&#2352;&#2381;&#2342;&#2366; &#2346;&#2331;&#2366;&#2337;&#2368; &#2325;&#2379; &#2350;&#2369;&#2361;&#2366;&#2352; &#2361;&#2375;&#2352;&#2381;&#2342;&#2366; &#2325;&#2379; &#2340;&#2371;&#2346;&#2381;&#2340;&#2367; &#2348;&#2379;&#2354;&#2381;&#2342;&#2331;\r\n&#2313;&#2344;&#2325;&#2379; &#2358;&#2348;&#2381;&#2342;&#2354;&#2375; &#2332;&#2375; &#2349;&#2319; &#2346;&#2344;&#2367; &#2360;&#2381;&#2357;&#2379;&#2352;&#2354;&#2375; &#2325;&#2361;&#2367;&#2354;&#2375; &#2340;&#2375;&#2361;&#2368; &#2348;&#2367;&#2331;&#2379;&#2337; &#2325;&#2379; &#2348;&#2367;&#2348;&#2360;&#2381;&#2340;&#2366;, &#2340; &#2325;&#2361;&#2367;&#2354;&#2375; &#2346;&#2381;&#2352;&#2327;&#2340;&#2367; &#2325;&#2379; &#2310;&#2358;&#2366; &#2327;&#2366;&#2313;&#2331;&#2344;\r\n\r\n&#2350;&#2375;&#2352;&#2379; &#2350;&#2344;, &#2350;&#2375;&#2352;&#2368; &#2310;&#2350;&#2366; &#2352; &#2351;&#2379; &#2360;&#2361;&#2352; &#2313;&#2360;&#2381;&#2340;&#2376; &#2354;&#2366;&#2327;&#2381;&#2344; &#2341;&#2366;&#2354;&#2375;&#2325;&#2379; &#2331; &#2310;&#2332;&#2325;&#2354; &#2350;&#2354;&#2366;&#2312;\r\n&#2360;&#2366;&#2351;&#2342; &#2332;&#2367;&#2348;&#2344; &#2332;&#2367;&#2313;&#2344;&#2375; &#2340;&#2352;&#2367;&#2325;&#2366; &#2352; &#2310;&#2350;&#2366;&#2325;&#2379; &#2350;&#2369;&#2361;&#2366;&#2352; &#2319;&#2313;&#2335;&#2376; &#2349;&#2319;&#2352; &#2361;&#2379;&#2354;&#2366; :)','Utsav','@sno_fkin','AI','private','&#2350; &#2351;&#2379; &#2360;&#2361;&#2352; &#2352; &#2350;&#2375;&#2352;&#2368; &#2310;&#2350;&#2366;','utsav.luitel51@gmail.com',11),('My name is Suraj','Description','NO i wont write','I cam COol','This is my Biography','AI','private','this is footer','suraj@gmail.com',12),('my name is utsav','des','blofWrite your Blog here','me','me','AI','private','footer','suraj@gmail.com',15),('My Nmae Is Utsav','pass','Write your Blog here','me','','AI','public','footer','meroid13@gmail.com',23),('My name is hari','title','Write your Blog here','me','me','AI','public','footer','yaba@gmail.com',35),('my name is abdhul','','Write your Blog here','','','AI','public','','yaba@gmail.com',36),('Mount Everest','Sagarmatha','Tallest mountain of the world. Recently height increased.','About Me','Student','IT','public','@ramkrishna','gaurabey@gmail.com',37),('This is Jeevan Blog','I love you Bindu','My love line is beendu( AKA bhotine)','I am cool','I am in luvv','humanoid','public','My live story','Jeevan@woolies.com',39),('mY TITLE','','Write your Blog here','','','AI','public','','qqqq@gmail.com',40);

/*Table structure for table `likes` */

DROP TABLE IF EXISTS `likes`;

CREATE TABLE `likes` (
  `likes` int(1) DEFAULT NULL,
  `email` varchar(255) DEFAULT NULL,
  `id` int(1) DEFAULT NULL
) ENGINE=InnoDB DEFAULT CHARSET=utf8mb4;

/*Data for the table `likes` */

insert  into `likes`(`likes`,`email`,`id`) values (1,'abcd@gmail.com',10),(1,'abcd@gmail.com',10),(1,'meroid13@gmail.com',10),(1,'meroid13@gmail.com',10),(1,'yyyy@gmail.com',23),(1,'yyyy@gmail.com',23),(1,'yyyy@gmail.com',23),(1,'yyyy@gmail.com',23),(1,'yyyy@gmail.com',23),(1,'qqqq@gmail.com',10),(1,'Jeevan@woolies.com',10),(1,'Jeevan@woolies.com',10),(1,'Jeevan@woolies.com',36),(1,'Jeevan@woolies.com',36),(1,'meroid13@gmail.com',36),(1,'meroid13@gmail.com',36),(1,'Jeevan@woolies.com',38),(1,'utsav.luitel51@gmail.com',38),(1,'utsav.luitel51@gmail.com',38),(1,'meroid13@gmail.com',39),(1,'meroid13@gmail.com',39),(1,'yyyy@gmail.com',39),(1,'meroid13@gmail.com',23),(1,'meroid13@gmail.com',6),(1,'utsav.luitel51@gmail.com',6),(1,'albert@relativity.com',39);

/*Table structure for table `review` */

DROP TABLE IF EXISTS `review`;

CREATE TABLE `review` (
  `likkes` varchar(255) DEFAULT NULL,
  `comment` varchar(255) DEFAULT NULL,
  `views` varchar(255) DEFAULT NULL,
  `username` varchar(255) DEFAULT NULL,
  `id` varchar(255) DEFAULT NULL
) ENGINE=InnoDB DEFAULT CHARSET=utf8mb4;

/*Data for the table `review` */

insert  into `review`(`likkes`,`comment`,`views`,`username`,`id`) values ('1','comment','views','utsav','10'),('0','this is suraj\'s comment','suraj@gmail.com','SurajD','10'),('0','this is suraj comment on 34','suraj@gmail.com','SurajD','34'),('0','this is mt everest\r\n','meroid13@gmail.com','Utsav','34'),('0','the\r\n','meroid13@gmail.com','Utsav','null'),('0','comment test\r\n\r\n','gaurabey@gmail.com','ramkrishna','8'),('0','this is my comment','meroid13@gmail.com','Utsav','10'),('0','the ','meroid13@gmail.com','Utsav','null'),('0','this is my comment','meroid13@gmail.com','Utsav','23'),('0','this is my name','utsav.luitel51@gmail.com','mautsav','38'),('0','is this me','utsav.luitel51@gmail.com','mautsav','38'),('0','this is Utsav','meroid13@gmail.com','Utsav','10'),('0','this is my comment new','meroid13@gmail.com','Utsav','10'),('0','Hi I am jeevan','Jeevan@woolies.com','Jeevan','10'),('0','Good to know','utsav.luitel51@gmail.com','mautsav','39'),('0','hi this is comment trail','meroid13@gmail.com','Utsav','23'),('0','Hi my name is yyy','yyyy@gmail.com','yyy','38'),('0','this is yyy and I am new','yyyy@gmail.com','yyy','6'),('0','this is next test','yyyy@gmail.com','yyy','6'),('0','hi there love','yyyy@gmail.com','yyy','6'),('0','hi there honey','meroid13@gmail.com','Utsav','6'),('0','thankyou all','yyyy@gmail.com','yyy','6');

/*Table structure for table `usertbl` */

DROP TABLE IF EXISTS `usertbl`;

CREATE TABLE `usertbl` (
  `username` varchar(255) DEFAULT NULL,
  `email` varchar(255) NOT NULL,
  `phone` varchar(255) DEFAULT NULL,
  `password` varchar(255) DEFAULT NULL,
  PRIMARY KEY (`email`),
  UNIQUE KEY `phone` (`phone`)
) ENGINE=InnoDB DEFAULT CHARSET=utf8mb4;

/*Data for the table `usertbl` */

insert  into `usertbl`(`username`,`email`,`phone`,`password`) values ('abcd@gmail.com','abcd@gmail.com','0559724650','9fedb11da1aa2ba83c6257a239869442'),('albert','albert@relativity.com','0449123432','84c18e70f4d1288792b0af0b061bd13f'),('man','emailgmail@hotmail.com','0449726650','f514db91add285f5a2e18fc1bd5405d2'),('ramkrishna','gaurabey@gmail.com','0449200061','cbdaccd84efde4cb29266cf55a1275e5'),('Jeevan','Jeevan@woolies.com','0450401727','9fedb11da1aa2ba83c6257a239869442'),('Utsav','meroid13@gmail.com','0449724650','9fedb11da1aa2ba83c6257a239869442'),('new','new@gmail.com','0998765432','f514db91add285f5a2e18fc1bd5405d2'),('qqq@gmail.com','qqq@gmail.com','1213141516','9fedb11da1aa2ba83c6257a239869442'),('qqqq@gmail.com','qqqq@gmail.com','1213142321','9fedb11da1aa2ba83c6257a239869442'),('qwe@rew.com','qwe@rew.com','1234321569','9fedb11da1aa2ba83c6257a239869442'),('SurajD','suraj@gmail.com','0449725650','ce6cfcfbba8afb86c89a778bd1c9e5b9'),('ttt','ttt@fff.com','0985671234','9fedb11da1aa2ba83c6257a239869442'),('kkk','tttt@gmail.com','0129384756','9fedb11da1aa2ba83c6257a239869442'),('mautsav','utsav.luitel51@gmail.com','0445679844','f514db91add285f5a2e18fc1bd5405d2'),('uuuu@gmail.com','uuuu@gmail.com','1213141517','9fedb11da1aa2ba83c6257a239869442'),('yaba@gmail.com','yaba@gmail.com','0448724650','f514db91add285f5a2e18fc1bd5405d2'),('yyy','yyyy@gmail.com','0553221230','9fedb11da1aa2ba83c6257a239869442');

/*Table structure for table `view` */

DROP TABLE IF EXISTS `view`;

CREATE TABLE `view` (
  `id` varchar(255) DEFAULT NULL,
  `email` varchar(255) DEFAULT NULL
) ENGINE=InnoDB DEFAULT CHARSET=utf8mb4;

/*Data for the table `view` */

insert  into `view`(`id`,`email`) values ('10','yyyy@gmail.com'),('10','qqqq@gmail.com'),('10','qqqq@gmail.com'),('10','utsav.luitel51@gmail.com'),('10','yyyy@gmail.com'),('38','yyyy@gmail.com'),('38','yyyy@gmail.com'),('38','meroid13@gmail.com'),('35','meroid13@gmail.com'),('35','meroid13@gmail.com'),('23','yyyy@gmail.com'),('23','yyyy@gmail.com'),('23','yyyy@gmail.com'),('23','yyyy@gmail.com'),('23','yyyy@gmail.com'),('23','yyyy@gmail.com'),('23','yyyy@gmail.com'),('10','qqqq@gmail.com'),('10','qqqq@gmail.com'),('10','Jeevan@woolies.com'),('10','Jeevan@woolies.com'),('10','Jeevan@woolies.com'),('10','Jeevan@woolies.com'),('36','Jeevan@woolies.com'),('36','Jeevan@woolies.com'),('36','Jeevan@woolies.com'),('36','Jeevan@woolies.com'),('36','Jeevan@woolies.com'),('36','Jeevan@woolies.com'),('36','meroid13@gmail.com'),('36','meroid13@gmail.com'),('36','meroid13@gmail.com'),('36','meroid13@gmail.com'),('36','meroid13@gmail.com'),('38','Jeevan@woolies.com'),('38','Jeevan@woolies.com'),('38','utsav.luitel51@gmail.com'),('38','utsav.luitel51@gmail.com'),('38','utsav.luitel51@gmail.com'),('38','utsav.luitel51@gmail.com'),('39','meroid13@gmail.com'),('39','meroid13@gmail.com'),('39','utsav.luitel51@gmail.com'),('39','utsav.luitel51@gmail.com'),('39','meroid13@gmail.com'),('39','meroid13@gmail.com'),('39','yyyy@gmail.com'),('39','yyyy@gmail.com'),('23','meroid13@gmail.com'),('23','meroid13@gmail.com'),('23','meroid13@gmail.com'),('38','yyyy@gmail.com'),('38','yyyy@gmail.com'),('6','yyyy@gmail.com'),('6','yyyy@gmail.com'),('6','meroid13@gmail.com'),('6','meroid13@gmail.com'),('6','meroid13@gmail.com'),('6','utsav.luitel51@gmail.com'),('6','utsav.luitel51@gmail.com'),('6','yyyy@gmail.com'),('6','albert@relativity.com'),('39','albert@relativity.com'),('39','albert@relativity.com'),('40','qqqq@gmail.com');

/*!40101 SET SQL_MODE=@OLD_SQL_MODE */;
/*!40014 SET FOREIGN_KEY_CHECKS=@OLD_FOREIGN_KEY_CHECKS */;
